{"stats":{"minecraft:picked_up":{"immersive_weathering:plate_iron":2,"immersive_weathering:cut_iron":1,"minecraft:crafting_table":1,"minecraft:cocoa_beans":19,"minecraft:stick":12,"minecraft:leather":5,"minecraft:jungle_log":54,"minecraft:copper_ingot":4,"projectvibrantjourneys:bark_mushroom":3,"minecraft:brown_wool":1,"minecraft:potato":1,"pointblank:gunmetal_nugget":9,"minecraft:oak_log":5,"minecraft:gunpowder":2,"immersive_weathering:weathered_plate_iron":13,"bloomingnature:cobbled_laterit":3,"minecraft:polished_deepslate":2,"immersive_weathering:exposed_plate_iron":15,"minecraft:rotten_flesh":9,"minecraft:wheat_seeds":3,"minecraft:beef":8,"minecraft:iron_nugget":2,"minecraft:jungle_sapling":14,"minecraft:oak_sapling":4,"minecraft:mutton":5,"minecraft:coal":5,"minecraft:white_wool":2,"minecraft:cobblestone":18},"minecraft:crafted":{"minecraft:jungle_button":2,"minecraft:crafting_table":1,"minecraft:stick":4,"minecraft:iron_ingot":6,"minecraft:wooden_pickaxe":1,"minecraft:iron_pickaxe":1,"minecraft:stone_pickaxe":1,"minecraft:furnace":2,"minecraft:torch":4,"minecraft:air":0,"minecraft:jungle_planks":40},"minecraft:used":{"marbledsmelees:fire_axe":53,"immersive_weathering:exposed_plate_iron":2,"minecraft:bread":3,"minecraft:stone_pickaxe":43,"minecraft:iron_pickaxe":16,"minecraft:wooden_pickaxe":4,"minecraft:jungle_button":2,"minecraft:crafting_table":2,"minecraft:furnace":2},"minecraft:killed_by":{"minecraft:zombie":2},"minecraft:dropped":{"minecraft:wheat_seeds":3},"minecraft:killed":{"minecraft:sheep":3,"minecraft:zombie":9,"minecraft:cow":4},"minecraft:mined":{"immersive_weathering:exposed_plate_iron":16,"minecraft:jungle_leaves":2,"immersive_weathering:cut_iron":1,"projectvibrantjourneys:bark_mushroom":1,"minecraft:crafting_table":1,"minecraft:polished_deepslate":2,"immersive_weathering:weathered_plate_iron":13,"minecraft:grass":12,"minecraft:oak_log":5,"minecraft:coal_ore":5,"minecraft:cocoa":1,"minecraft:vine":4,"bloomingnature:laterit":3,"minecraft:jungle_log":55,"projectvibrantjourneys:mossy_rocks":1,"minecraft:tall_grass":5,"minecraft:stone":18,"bloomingnature:tall_silkgrass":2,"bloomingnature:silkgrass":2,"immersive_weathering:plate_iron":2,"minecraft:fern":1},"minecraft:custom":{"minecraft:time_since_rest":12708,"minecraft:interact_with_furnace":9,"minecraft:sprint_one_cm":21945,"minecraft:damage_absorbed":0,"minecraft:damage_taken":542,"minecraft:walk_one_cm":56679,"minecraft:mob_kills":16,"minecraft:drop":1,"mobcontrol:player_ticks":22012,"minecraft:damage_dealt":736,"minecraft:interact_with_crafting_table":5,"minecraft:fly_one_cm":30129,"minecraft:crouch_one_cm":867,"minecraft:play_time":23979,"minecraft:deaths":2,"minecraft:sneak_time":379,"minecraft:damage_dealt_resisted":0,"minecraft:jump":216,"minecraft:time_since_death":10743,"minecraft:climb_one_cm":24071,"minecraft:total_world_time":23979,"minecraft:fall_one_cm":5434}},"DataVersion":3465}