{"stats":{"minecraft:mined":{"minecraft:spruce_log":7,"projectvibrantjourneys:short_grass":1},"minecraft:killed":{"minecraft:pig":1},"minecraft:custom":{"minecraft:jump":65,"minecraft:time_since_rest":5486,"minecraft:walk_on_water_one_cm":146,"minecraft:crouch_one_cm":42,"minecraft:sprint_one_cm":21901,"minecraft:play_time":5486,"minecraft:time_since_death":5486,"minecraft:walk_one_cm":20128,"minecraft:sneak_time":6,"minecraft:total_world_time":5486,"minecraft:mob_kills":1,"minecraft:drop":2,"minecraft:fall_one_cm":1103,"minecraft:fly_one_cm":55130},"minecraft:used":{"alexsmobs:animal_dictionary":1},"minecraft:picked_up":{"minecraft:porkchop":1,"projectvibrantjourneys:light_brown_bark_mushroom":2,"minecraft:spruce_log":7,"minecraft:wheat_seeds":1},"minecraft:dropped":{"projectvibrantjourneys:light_brown_bark_mushroom":2}},"DataVersion":3465}