{"stats":{"minecraft:picked_up":{"minecraft:cocoa_beans":19,"immersive_weathering:cut_iron":5,"minecraft:crafting_table":1,"minecraft:jungle_log":54,"minecraft:brown_wool":1,"minecraft:leather":5,"minecraft:potato":1,"minecraft:oak_log":5,"minecraft:gunpowder":2,"minecraft:polished_deepslate":2,"immersive_weathering:exposed_plate_iron":15,"minecraft:raw_copper":41,"minecraft:wheat_seeds":6,"minecraft:iron_ingot":2,"minecraft:beef":8,"minecraft:jungle_sapling":14,"minecraft:iron_nugget":2,"immersive_weathering:plate_iron":60,"minecraft:stick":12,"minecraft:raw_iron":1,"minecraft:copper_ingot":4,"projectvibrantjourneys:bark_mushroom":3,"minecraft:torch":3,"pointblank:gunmetal_nugget":9,"bloomingnature:cobbled_laterit":6,"immersive_weathering:weathered_plate_iron":13,"minecraft:rotten_flesh":9,"minecraft:oak_sapling":4,"minecraft:mutton":5,"minecraft:coal":22,"minecraft:white_wool":2,"minecraft:cobblestone":21},"minecraft:crafted":{"minecraft:jungle_button":2,"minecraft:crafting_table":1,"pointblank:gunmetal_ingot":1,"minecraft:wooden_pickaxe":1,"minecraft:furnace":2,"minecraft:air":0,"minecraft:jungle_planks":40,"minecraft:iron_chestplate":1,"minecraft:iron_axe":1,"minecraft:stick":4,"minecraft:iron_ingot":27,"minecraft:iron_pickaxe":1,"minecraft:stone_pickaxe":1,"minecraft:iron_leggings":1,"minecraft:torch":4},"minecraft:used":{"minecraft:stone_pickaxe":48,"minecraft:wooden_pickaxe":4,"minecraft:torch":4,"minecraft:crafting_table":2,"marbledsmelees:fire_axe":160,"immersive_weathering:exposed_plate_iron":2,"minecraft:bread":3,"minecraft:iron_pickaxe":120,"minecraft:jungle_button":2,"minecraft:furnace":2},"minecraft:killed_by":{"minecraft:zombie":2},"minecraft:dropped":{"minecraft:wheat_seeds":3,"minecraft:oak_sapling":4,"minecraft:jungle_sapling":14,"projectvibrantjourneys:bark_mushroom":3},"minecraft:killed":{"minecraft:sheep":3,"minecraft:zombie":15,"minecraft:cow":4},"minecraft:mined":{"immersive_weathering:cut_iron":5,"minecraft:jungle_leaves":2,"minecraft:crafting_table":1,"bloomingnature:laterit":6,"minecraft:jungle_log":55,"projectvibrantjourneys:mossy_rocks":1,"minecraft:stone_slab":1,"minecraft:copper_ore":11,"minecraft:tall_grass":5,"minecraft:cobblestone":5,"bloomingnature:tall_silkgrass":2,"immersive_weathering:plate_iron":61,"minecraft:wall_torch":3,"immersive_weathering:exposed_plate_iron":16,"minecraft:iron_ore":1,"projectvibrantjourneys:bark_mushroom":1,"minecraft:grass":12,"immersive_weathering:weathered_plate_iron":13,"minecraft:polished_deepslate":2,"minecraft:coal_ore":23,"minecraft:oak_log":5,"minecraft:vine":4,"minecraft:cocoa":1,"bloomingnature:silkgrass":2,"minecraft:stone":24,"minecraft:oak_leaves":1,"minecraft:fern":1},"minecraft:custom":{"minecraft:interact_with_furnace":20,"minecraft:mob_kills":22,"minecraft:interact_with_crafting_table":8,"mobcontrol:player_days":1,"minecraft:damage_dealt_resisted":0,"minecraft:time_since_death":34743,"minecraft:climb_one_cm":24071,"minecraft:time_since_rest":36708,"minecraft:sprint_one_cm":38004,"minecraft:walk_one_cm":99754,"minecraft:damage_taken":562,"minecraft:damage_absorbed":0,"minecraft:drop":4,"mobcontrol:player_ticks":22012,"minecraft:damage_dealt":736,"minecraft:swim_one_cm":11773,"minecraft:fly_one_cm":153010,"minecraft:crouch_one_cm":7609,"minecraft:play_time":47979,"minecraft:deaths":2,"minecraft:sneak_time":3357,"minecraft:walk_under_water_one_cm":15303,"minecraft:jump":378,"minecraft:walk_on_water_one_cm":5834,"minecraft:total_world_time":47979,"minecraft:fall_one_cm":8873}},"DataVersion":3465}