{"stats":{"minecraft:picked_up":{"minecraft:cocoa_beans":19,"immersive_weathering:cut_iron":5,"minecraft:crafting_table":1,"minecraft:jungle_log":54,"minecraft:brown_wool":2,"minecraft:leather":5,"minecraft:potato":1,"minecraft:oak_log":5,"minecraft:gunpowder":2,"minecraft:polished_deepslate":8,"immersive_weathering:exposed_plate_iron":15,"minecraft:raw_copper":41,"minecraft:wheat_seeds":7,"minecraft:iron_ingot":4,"minecraft:beef":8,"minecraft:jungle_sapling":14,"minecraft:iron_nugget":4,"immersive_weathering:plate_iron":60,"minecraft:stick":12,"minecraft:raw_iron":1,"minecraft:copper_ingot":4,"projectvibrantjourneys:bark_mushroom":3,"minecraft:torch":4,"pointblank:gunmetal_nugget":11,"bloomingnature:cobbled_laterit":6,"immersive_weathering:weathered_plate_iron":13,"minecraft:redstone":3,"minecraft:rotten_flesh":10,"minecraft:oak_sapling":4,"minecraft:mutton":8,"minecraft:coal":22,"minecraft:white_wool":4,"minecraft:cobblestone":23},"minecraft:crafted":{"minecraft:jungle_button":2,"minecraft:crafting_table":1,"pointblank:gunmetal_ingot":1,"minecraft:wooden_pickaxe":1,"minecraft:furnace":2,"minecraft:air":0,"minecraft:jungle_planks":48,"minecraft:iron_chestplate":1,"minecraft:iron_axe":1,"minecraft:stick":4,"minecraft:iron_ingot":27,"minecraft:iron_pickaxe":1,"minecraft:stone_pickaxe":1,"minecraft:iron_leggings":1,"minecraft:white_bed":1,"minecraft:torch":4},"minecraft:used":{"minecraft:polished_deepslate":2,"minecraft:stone_pickaxe":48,"minecraft:wooden_pickaxe":4,"minecraft:torch":6,"minecraft:crafting_table":2,"minecraft:white_bed":1,"marbledsmelees:fire_axe":160,"immersive_weathering:exposed_plate_iron":2,"minecraft:iron_axe":6,"minecraft:bread":7,"minecraft:iron_pickaxe":131,"minecraft:jungle_button":2,"minecraft:furnace":2},"minecraft:killed_by":{"minecraft:zombie":2},"minecraft:dropped":{"minecraft:wheat_seeds":3,"minecraft:iron_nugget":2,"minecraft:rotten_flesh":10,"bloomingnature:cobbled_laterit":3,"minecraft:gunpowder":2,"minecraft:brown_wool":2,"minecraft:oak_sapling":4,"minecraft:jungle_sapling":14,"minecraft:white_wool":1,"projectvibrantjourneys:bark_mushroom":3,"minecraft:polished_deepslate":6},"minecraft:killed":{"minecraft:sheep":5,"minecraft:zombie":16,"minecraft:cow":4},"minecraft:mined":{"minecraft:mossy_cobblestone":2,"immersive_weathering:cut_iron":5,"minecraft:jungle_leaves":2,"minecraft:crafting_table":1,"minecraft:torch":1,"bloomingnature:laterit":6,"minecraft:jungle_log":55,"minecraft:redstone_wire":3,"projectvibrantjourneys:mossy_rocks":1,"minecraft:stone_slab":1,"minecraft:copper_ore":11,"minecraft:tall_grass":5,"minecraft:cobblestone":5,"bloomingnature:tall_silkgrass":2,"immersive_weathering:plate_iron":61,"minecraft:diorite":2,"minecraft:wall_torch":3,"minecraft:light_blue_stained_glass":1,"immersive_weathering:exposed_plate_iron":16,"minecraft:iron_ore":1,"projectvibrantjourneys:bark_mushroom":1,"minecraft:grass":12,"immersive_weathering:weathered_plate_iron":13,"minecraft:polished_deepslate":2,"minecraft:coal_ore":23,"minecraft:oak_log":5,"minecraft:vine":4,"minecraft:cocoa":1,"bloomingnature:silkgrass":2,"minecraft:stone":30,"minecraft:oak_leaves":1,"minecraft:fern":2},"minecraft:custom":{"lootr:looted_stat":1,"minecraft:interact_with_furnace":20,"minecraft:mob_kills":25,"minecraft:interact_with_crafting_table":9,"mobcontrol:player_days":3,"minecraft:damage_dealt_resisted":0,"minecraft:time_since_death":46743,"minecraft:sleep_in_bed":1,"minecraft:climb_one_cm":38412,"minecraft:time_since_rest":4141,"minecraft:sprint_one_cm":55027,"minecraft:walk_one_cm":139226,"minecraft:damage_taken":682,"minecraft:damage_absorbed":0,"minecraft:drop":16,"mobcontrol:player_ticks":4141,"minecraft:damage_dealt":1101,"minecraft:swim_one_cm":11773,"minecraft:fly_one_cm":172775,"minecraft:crouch_one_cm":7609,"minecraft:play_time":59979,"minecraft:deaths":2,"minecraft:sneak_time":3357,"minecraft:walk_under_water_one_cm":15303,"minecraft:jump":472,"minecraft:walk_on_water_one_cm":5834,"minecraft:total_world_time":59979,"minecraft:fall_one_cm":11939}},"DataVersion":3465}