{"stats":{"minecraft:mined":{"projectvibrantjourneys:short_grass":1,"minecraft:spruce_log":7},"minecraft:killed":{"minecraft:pig":1,"alexsmobs:rhinoceros":1},"minecraft:custom":{"minecraft:time_since_rest":17486,"minecraft:crouch_one_cm":42,"minecraft:play_time":17486,"minecraft:sprint_one_cm":21901,"minecraft:walk_one_cm":27068,"minecraft:sneak_time":14,"minecraft:mob_kills":2,"minecraft:drop":2,"minecraft:jump":70,"minecraft:time_since_death":17486,"minecraft:walk_on_water_one_cm":146,"minecraft:total_world_time":17486,"minecraft:fall_one_cm":1103,"minecraft:fly_one_cm":140364},"minecraft:used":{"walkietalkie:speaker":2,"alexsmobs:animal_dictionary":1},"minecraft:picked_up":{"projectvibrantjourneys:light_brown_bark_mushroom":2,"minecraft:wheat_seeds":1,"minecraft:porkchop":1,"minecraft:spruce_log":7},"minecraft:dropped":{"projectvibrantjourneys:light_brown_bark_mushroom":2}},"DataVersion":3465}