{"stats":{"minecraft:picked_up":{"immersive_weathering:plate_iron":2,"minecraft:cocoa_beans":6,"minecraft:stick":4,"minecraft:jungle_log":10,"projectvibrantjourneys:bark_mushroom":3,"minecraft:brown_wool":1,"pointblank:gunmetal_nugget":3,"immersive_weathering:weathered_plate_iron":1,"bloomingnature:cobbled_laterit":3,"immersive_weathering:exposed_plate_iron":5,"minecraft:wheat_seeds":2,"minecraft:jungle_sapling":5,"minecraft:mutton":3,"minecraft:white_wool":1},"minecraft:crafted":{"minecraft:jungle_button":2,"minecraft:crafting_table":1,"minecraft:stick":4,"minecraft:wooden_pickaxe":1,"minecraft:stone_pickaxe":1,"minecraft:jungle_planks":40},"minecraft:used":{"marbledsmelees:fire_axe":16,"immersive_weathering:exposed_plate_iron":2,"minecraft:bread":1,"minecraft:stone_pickaxe":10,"minecraft:wooden_pickaxe":4,"minecraft:jungle_button":2,"minecraft:crafting_table":1},"minecraft:killed_by":{"minecraft:zombie":2},"minecraft:killed":{"minecraft:sheep":2,"minecraft:zombie":1},"minecraft:mined":{"immersive_weathering:exposed_plate_iron":6,"minecraft:jungle_leaves":2,"projectvibrantjourneys:bark_mushroom":1,"immersive_weathering:weathered_plate_iron":1,"minecraft:grass":3,"minecraft:vine":2,"bloomingnature:laterit":3,"minecraft:jungle_log":11,"bloomingnature:tall_silkgrass":1,"bloomingnature:silkgrass":1,"immersive_weathering:plate_iron":2},"minecraft:custom":{"minecraft:time_since_rest":708,"minecraft:sprint_one_cm":10199,"minecraft:damage_absorbed":0,"minecraft:damage_taken":502,"minecraft:walk_one_cm":20782,"minecraft:mob_kills":3,"mobcontrol:player_ticks":11269,"minecraft:damage_dealt":233,"minecraft:interact_with_crafting_table":2,"minecraft:fly_one_cm":10650,"minecraft:crouch_one_cm":500,"minecraft:play_time":11979,"minecraft:deaths":2,"minecraft:sneak_time":219,"minecraft:damage_dealt_resisted":0,"minecraft:jump":95,"minecraft:time_since_death":0,"minecraft:climb_one_cm":11983,"minecraft:total_world_time":11979,"minecraft:fall_one_cm":2835}},"DataVersion":3465}