{"stats":{"minecraft:picked_up":{"minecraft:polished_deepslate":9,"minecraft:polished_basalt":2},"minecraft:used":{"minecraft:polished_deepslate":1},"minecraft:custom":{"minecraft:jump":6,"mobcontrol:player_ticks":3840,"minecraft:time_since_rest":3839,"minecraft:damage_dealt":8,"minecraft:leave_game":1,"minecraft:sprint_one_cm":399,"minecraft:walk_one_cm":5881,"minecraft:play_time":3839,"minecraft:damage_taken":50,"minecraft:time_since_death":3839,"minecraft:damage_absorbed":0,"minecraft:sneak_time":52,"minecraft:climb_one_cm":1520,"minecraft:total_world_time":3839,"minecraft:fly_one_cm":183,"minecraft:damage_dealt_resisted":0}},"DataVersion":3465}