{
  "create:root": {
    "criteria": {
      "0": "2025-08-13 00:40:07 +0000"
    },
    "done": true
  },
  "herbalbrews:main/root": {
    "criteria": {
      "seeds": "2025-08-13 00:40:07 +0000"
    },
    "done": true
  },
  "bbb:recipes/bamboo_wall": {
    "criteria": {
      "has_logs": "2025-08-13 00:40:07 +0000"
    },
    "done": true
  },
  "bbb:recipes/bamboo_beam": {
    "criteria": {
      "has_log": "2025-08-13 00:40:07 +0000"
    },
    "done": true
  },
  "solonion:recipes/food_book": {
    "criteria": {
      "has_potato": "2025-08-13 00:40:07 +0000",
      "has_book": "2025-08-13 00:40:07 +0000"
    },
    "done": true
  },
  "farmersdelight:main/root": {
    "criteria": {
      "seeds": "2025-08-13 00:40:07 +0000"
    },
    "done": true
  },
  "minecraft:recipes/decorations/polished_deepslate_wall": {
    "criteria": {
      "has_polished_deepslate": "2025-08-13 00:47:13 +0000"
    },
    "done": true
  },
  "minecraft:recipes/building_blocks/deepslate_bricks": {
    "criteria": {
      "has_polished_deepslate": "2025-08-13 00:47:13 +0000"
    },
    "done": true
  },
  "minecraft:recipes/decorations/crafting_table": {
    "criteria": {
      "unlock_right_away": "2025-08-13 00:46:35 +0000"
    },
    "done": true
  },
  "minecraft:recipes/building_blocks/polished_deepslate_slab_from_polished_deepslate_stonecutting": {
    "criteria": {
      "has_polished_deepslate": "2025-08-13 00:47:13 +0000"
    },
    "done": true
  },
  "minecraft:recipes/decorations/deepslate_brick_wall_from_polished_deepslate_stonecutting": {
    "criteria": {
      "has_polished_deepslate": "2025-08-13 00:47:13 +0000"
    },
    "done": true
  },
  "minecraft:recipes/building_blocks/polished_deepslate_stairs": {
    "criteria": {
      "has_polished_deepslate": "2025-08-13 00:47:13 +0000"
    },
    "done": true
  },
  "bbb:recipes/polished_deepslate_layer": {
    "criteria": {
      "has_block": "2025-08-13 00:47:13 +0000"
    },
    "done": true
  },
  "overworld_netherite_ore:overworld_netherite": {
    "criteria": {
      "overworld_netherite_0": "2025-08-13 00:46:35 +0000"
    },
    "done": true
  },
  "minecraft:recipes/building_blocks/deepslate_bricks_from_polished_deepslate_stonecutting": {
    "criteria": {
      "has_polished_deepslate": "2025-08-13 00:47:13 +0000"
    },
    "done": true
  },
  "minecraft:recipes/building_blocks/deepslate_brick_slab_from_polished_deepslate_stonecutting": {
    "criteria": {
      "has_polished_deepslate": "2025-08-13 00:47:13 +0000"
    },
    "done": true
  },
  "minecraft:recipes/decorations/polished_deepslate_wall_from_polished_deepslate_stonecutting": {
    "criteria": {
      "has_polished_deepslate": "2025-08-13 00:47:13 +0000"
    },
    "done": true
  },
  "minecraft:recipes/building_blocks/deepslate_brick_stairs_from_polished_deepslate_stonecutting": {
    "criteria": {
      "has_polished_deepslate": "2025-08-13 00:47:13 +0000"
    },
    "done": true
  },
  "minecraft:recipes/building_blocks/polished_deepslate_slab": {
    "criteria": {
      "has_polished_deepslate": "2025-08-13 00:47:13 +0000"
    },
    "done": true
  },
  "jeffs_cursed_walking_structures:jeffs_cursed_walking_structures": {
    "criteria": {
      "jeffs_cursed_walking_structures_0": "2025-08-13 00:46:35 +0000"
    },
    "done": true
  },
  "minecraft:recipes/building_blocks/deepslate_tile_slab_from_polished_deepslate_stonecutting": {
    "criteria": {
      "has_polished_deepslate": "2025-08-13 00:47:13 +0000"
    },
    "done": true
  },
  "the_deep_void:the_deep_void_advancement": {
    "criteria": {
      "the_deep_void_advancement_0": "2025-08-13 00:46:35 +0000"
    },
    "done": true
  },
  "minecraft:recipes/building_blocks/deepslate_tile_stairs_from_polished_deepslate_stonecutting": {
    "criteria": {
      "has_polished_deepslate": "2025-08-13 00:47:13 +0000"
    },
    "done": true
  },
  "minecraft:recipes/building_blocks/polished_deepslate_stairs_from_polished_deepslate_stonecutting": {
    "criteria": {
      "has_polished_deepslate": "2025-08-13 00:47:13 +0000"
    },
    "done": true
  },
  "lootr:root": {
    "criteria": {
      "always_true": "2025-08-13 00:46:35 +0000"
    },
    "done": true
  },
  "minecraft:recipes/decorations/deepslate_tile_wall_from_polished_deepslate_stonecutting": {
    "criteria": {
      "has_polished_deepslate": "2025-08-13 00:47:13 +0000"
    },
    "done": true
  },
  "minecraft:recipes/building_blocks/deepslate_tiles_from_polished_deepslate_stonecutting": {
    "criteria": {
      "has_polished_deepslate": "2025-08-13 00:47:13 +0000"
    },
    "done": true
  },
  "minecraft:adventure/adventuring_time": {
    "criteria": {
      "minecraft:sparse_jungle": "2025-08-13 00:46:39 +0000"
    },
    "done": false
  },
  "DataVersion": 3465
}